,id,tweet_text,sentiment_analisado,tweet_date,query_used
0,1040000000000000000,"Jair Bolsonaro tem ‘nítida melhora clínica’, diz novo boletim de hospital",pos,Sun Sep 09 13:30:59 +0000 2018,veja
1,1040000000000000000,Bolsonaro passou meia hora sentado e andou por cinco minutos,pos,Sat Sep 08 22:23:50 +0000 2018,veja
2,1040000000000000000,Polícia Federal anuncia mais segurança para os presidenciáveis,pos,Sat Sep 08 22:00:21 +0000 2018,veja
3,1040000000000000000,Espanha vence Inglaterra de virada pela Liga das Nações,pos,Sat Sep 08 21:02:53 +0000 2018,veja
4,1040000000000000000,Onde provar os melhores doces de Curitiba,pos,Tue Sep 04 15:50:42 +0000 2018,veja
5,1040000000000000000,Cia do Chopp tem o melhor atendimento da capital,pos,Mon Sep 03 15:37:54 +0000 2018,veja
6,1040000000000000000,A melhor pizzaria curitibana é a Avenida Paulista Pizzeria,pos,Sat Sep 01 03:00:22 +0000 2018,veja
7,1040000000000000000,Veja Comer &amp; Beber 2018: os melhores endereços gastronômicos de Curitiba,pos,Fri Aug 31 20:15:49 +0000 2018,veja
8,1040000000000000000,Os melhores restaurantes de comida brasileira de Curitiba,pos,Tue Sep 04 20:25:34 +0000 2018,veja
9,1040000000000000000,O melhor brasileiro/regional é a Oficina do Sabor,pos,Mon Sep 03 17:21:28 +0000 2018,veja
10,1040000000000000000,O melhor bolo de rolo de Recife é da Casa dos Frios,pos,Mon Sep 03 14:58:32 +0000 2018,veja
11,1040000000000000000,Nomade é o melhor restaurante da cidade,pos,Sat Sep 01 03:00:33 +0000 2018,veja
12,1040000000000000000,Chocolate: veja os melhores endereços da categoria em Curitiba,pos,Tue Sep 04 15:31:24 +0000 2018,veja
13,1040000000000000000,Peruano Gastronomia &amp; Cultura é o melhor bom e barato de Curitiba,pos,Mon Sep 03 19:54:52 +0000 2018,veja
14,1040000000000000000,Ponte Nova garante prêmio de melhor variado/contemporâneo,pos,Mon Sep 03 17:35:59 +0000 2018,veja
15,1040000000000000000,Kaffe Torrefação e Treinamento prepara o melhor café da cidade,pos,Mon Sep 03 15:13:06 +0000 2018,veja
16,1040000000000000000,Swadisht é o melhor restaurante oriental de Curitiba,pos,Sat Sep 01 03:00:53 +0000 2018,veja
17,1040000000000000000,Mercearia Fantinato serve a melhor carne de onça de Curitiba,pos,Sat Sep 01 03:00:27 +0000 2018,veja
18,1040000000000000000,Bargaço leva como melhor cozinha de peixes e frutos do mar,pos,Mon Sep 03 17:27:20 +0000 2018,veja
19,1040000000000000000,A melhor carta de cervejas de Recife é do BeerDock,pos,Mon Sep 03 15:43:04 +0000 2018,veja
20,1040000000000000000,Veja Comer &amp; Beber 2018: os melhores endereços gastronômicos de Recife,pos,Mon Sep 03 17:56:07 +0000 2018,veja
21,1040000000000000000,Romeo Giulietta é eleita a melhor sorveteria,pos,Mon Sep 03 15:27:34 +0000 2018,veja
22,1040000000000000000,Fábrica Gourmet Hamburgueria tem o melhor hambúrguer de Curitiba,pos,Sat Sep 01 03:00:56 +0000 2018,veja
23,1040000000000000000,Os melhores bares da categoria ‘variados’ de Curitiba,pos,Tue Sep 04 19:03:26 +0000 2018,veja
24,1040000000000000000,Confira uma seleção com os melhores botecos da cidade,pos,Tue Sep 04 18:19:04 +0000 2018,veja
25,1040000000000000000,As melhores padarias da cidade,pos,Tue Sep 04 16:05:00 +0000 2018,veja
26,1040000000000000000,A melhor pizzaria da cidade é a Tomaselli,pos,Mon Sep 03 17:31:24 +0000 2018,veja
27,1040000000000000000,Central é eleita como a melhor cozinha de bar da cidade,pos,Mon Sep 03 15:48:19 +0000 2018,veja
28,1040000000000000000,Bacio di Latte: a melhor sorveteria e a melhor novidade de Curitiba,pos,Sat Sep 01 03:01:02 +0000 2018,veja
29,1040000000000000000,Padaria: Prestinaria é a melhor da categoria em Curitiba,pos,Sat Sep 01 03:00:25 +0000 2018,veja
30,1040000000000000000,Confira os melhores restaurantes italianos de Curitiba,pos,Tue Sep 04 21:06:24 +0000 2018,veja
31,1040000000000000000,Douro In serve o melhor menu executivo de Recife,pos,Mon Sep 03 17:40:38 +0000 2018,veja
32,1040000000000000000,Galo Padeiro: conheça a melhor padaria da cidade,pos,Mon Sep 03 15:22:57 +0000 2018,veja
33,1040000000000000000,Cuidar melhor do solo pode desacelerar o aquecimento global,pos,Sun Sep 02 14:23:08 +0000 2018,veja
34,1040000000000000000,A melhor carta de cervejas de Curitiba é do HoP’n Roll Brewpub,pos,Sat Sep 01 03:00:56 +0000 2018,veja
35,1040000000000000000,La Varenne é o melhor restaurante variado/contemporâneo da cidade,pos,Sat Sep 01 03:00:20 +0000 2018,veja
36,1040000000000000000,Onde encontrar os melhores cafés de Curitiba,pos,Tue Sep 04 15:06:14 +0000 2018,veja
37,1040000000000000000,Dom Black é a melhor hamburgueria de Recife,pos,Mon Sep 03 15:18:11 +0000 2018,veja
38,1040000000000000000,BarBaran é eleito o melhor boteco da cidade,pos,Sat Sep 01 03:00:52 +0000 2018,veja
39,1040000000000000000,Venda Armazém e Boteco prepara a melhor cozinha de bar,pos,Sat Sep 01 03:00:30 +0000 2018,veja
40,1040000000000000000,Veja onde encontrar os melhores sanduíches de Curitiba,pos,Tue Sep 04 16:28:11 +0000 2018,veja
41,1040000000000000000,A melhor novidade de Recife é a Docecleta,pos,Mon Sep 03 15:32:56 +0000 2018,veja
42,1040000000000000000,A melhor doceria de Curitiba é a Caramelodrama,pos,Sat Sep 01 03:00:48 +0000 2018,veja
43,1040000000000000000,Rause Café + Vinho é eleito o melhor café de Curitiba,pos,Sat Sep 01 03:00:10 +0000 2018,veja
44,1040000000000000000,O melhor italiano de Curitiba é o Barolo Trattoria,pos,Sat Sep 01 03:01:00 +0000 2018,veja
45,1040000000000000000,A melhor happy hour de Curitiba é da Botanique,pos,Sat Sep 01 03:00:46 +0000 2018,veja
46,1040000000000000000,Badida Carnes Nobres prepara a melhor carne de Curitiba,pos,Sat Sep 01 03:00:23 +0000 2018,veja
47,1040000000000000000,O croata Luka Modric é eleito o melhor jogador da Europa,pos,Thu Aug 30 17:51:29 +0000 2018,veja
48,1030000000000000000,Cristiano Ronaldo agradece pelos votos em gol mais bonito da Europa,pos,Tue Aug 28 13:45:50 +0000 2018,veja
49,1030000000000000000,6 filmes sobre o fim do mundo melhores que ‘Próxima Parada: Apocalipse’,pos,Fri Aug 24 16:59:12 +0000 2018,veja
50,1040000000000000000,Os melhores cafés coloniais de Curitiba,pos,Tue Sep 04 14:32:21 +0000 2018,veja
51,1030000000000000000,A leveza otimista da MPB de Mahmundi,pos,Sat Aug 18 13:01:04 +0000 2018,veja
52,1030000000000000000,"Sem Messi e Neymar, Uefa define finalistas a melhor jogador da temporada",pos,Mon Aug 20 18:04:13 +0000 2018,veja
53,1030000000000000000,Tite revela votos para melhor do mundo e conversa com Gabriel Jesus,pos,Fri Aug 17 18:13:47 +0000 2018,veja
54,1030000000000000000,Cade e CVM criam grupo de trabalho para melhorar troca de informações,pos,Fri Aug 17 00:22:57 +0000 2018,veja
55,1030000000000000000,"Arrecadação do governo sobe 12,83% e tem melhor resultado em 7 anos",pos,Thu Aug 23 14:27:27 +0000 2018,veja
56,1030000000000000000,O movimento no Instagram que está rompendo a vitrine do corpo perfeito Veja em:,pos,Wed Aug 15 17:04:39 +0000 2018,veja
57,1030000000000000000,Uefa anuncia indicados ao prêmio de melhores por posição da Champions 2018,pos,Thu Aug 09 18:54:39 +0000 2018,veja
58,1030000000000000000,Angélica e Eliana se divertem com gafe de Alckmin: ‘Não é de hoje’,pos,Wed Aug 08 18:10:34 +0000 2018,veja
59,1030000000000000000,EUA debatem legalidade de armas feitas em impressoras 3D,pos,Wed Aug 08 10:00:13 +0000 2018,veja
60,1030000000000000000,Ações do Magazine Luiza disparam após melhor resultado dos últimos 5 anos,pos,Tue Aug 07 16:12:01 +0000 2018,veja
61,1040000000000000000,"Bolsonaro apresenta nítida melhora clínica, diz boletim médico",pos,Sun Sep 09 14:06:57 +0000 2018,g1
62,1030000000000000000,Deyverson é expulso – e depois celebra troféu de melhor em campo,pos,Fri Aug 03 13:26:29 +0000 2018,veja
63,1040000000000000000,Papelão de Serena ofusca título da incrível Osaka no Aberto dos EUA,pos,Sat Sep 08 23:13:03 +0000 2018,folha
64,1030000000000000000,"Tarifas alfandegárias ‘funcionam muito melhor’ que o previsto, diz Trump",pos,Sat Aug 04 23:33:34 +0000 2018,veja
65,1020000000000000000,Melhor com o passar dos anos? Tom Cruise lidera bilheterias americanas,pos,Sun Jul 29 20:04:22 +0000 2018,veja
66,1030000000000000000,Novato de 40 anos: Buffon solta a voz em trote no PSG e diverte Neymar,pos,Thu Aug 02 15:46:26 +0000 2018,veja
67,1020000000000000000,EUA proíbem manuais para impressão 3D de armas,pos,Wed Aug 01 13:08:22 +0000 2018,veja
68,1020000000000000000,"‘Estou em tratamento, mas muito melhor’, diz Simaria sobre tuberculose",pos,Wed Aug 01 15:33:33 +0000 2018,veja
69,1020000000000000000,"A saga ‘Missão Impossível’, do melhor ao pior filme",pos,Fri Jul 27 13:15:19 +0000 2018,veja
70,1020000000000000000,‘Os Incríveis 2’ ultrapassa a marca de 1 bilhão de dólares em bilheteria,pos,Tue Jul 31 21:50:50 +0000 2018,veja
71,1020000000000000000,"Arrecadação de junho é a melhor desde 2015, diz Receita",pos,Tue Jul 24 15:13:38 +0000 2018,veja
72,1020000000000000000,"Recuperado de hemorragia cerebral, Alex Ferguson agradece fãs e médicos",pos,Thu Jul 26 19:51:36 +0000 2018,veja
73,1020000000000000000,VEJA é eleita a melhor revista de assuntos gerais em 2017,pos,Wed Jul 25 23:41:59 +0000 2018,veja
74,1020000000000000000,"Sem Tite, Fifa divulga 11 concorrentes ao prêmio de melhor técnico",pos,Tue Jul 24 13:11:44 +0000 2018,veja
75,1020000000000000000,Neymar fica entre os 10 melhores – em torneio de pôquer,pos,Wed Jul 25 12:23:57 +0000 2018,veja
76,1020000000000000000,Saiba qual é o melhor horário do dia para se exercitar,pos,Wed Jul 25 18:08:27 +0000 2018,veja
77,1020000000000000000,Concurso premia melhores fotos de drone,pos,Wed Jul 25 15:17:52 +0000 2018,veja
78,1020000000000000000,"Sem Neymar, Fifa divulga lista de 10 concorrentes a melhor do mundo",pos,Tue Jul 24 14:12:42 +0000 2018,veja
79,1040000000000000000,"É melhor não ter filhos, mas quem não tem não sabe a felicidade que é viver os dias com eles",pos,Sun Sep 09 14:34:02 +0000 2018,folha
80,1040000000000000000,"""Eu que vivi as mazelas de não ser atendida corretamente pela saúde pública tenho esse compromisso [de melhorar o SUS]"", diz Marina Silva; siga",pos,Sun Sep 09 22:16:54 +0000 2018,folha
81,1040000000000000000,'Deyvershow': Veja os melhores memes da vitória do Palmeiras sobre o Corinthians -via,pos,Mon Sep 10 00:20:00 +0000 2018,estadao
82,1040000000000000000,"""Muitos me perguntam por que eu estou nesse esforço de ser candidato? Eu tenho um profundo desejo de melhorar a vida da sua família, a sua vida"", diz Henrique Meirelles em suas considerações finais; siga",pos,Sun Sep 09 23:14:25 +0000 2018,folha
83,1040000000000000000,Cachorro vira melhor amigo e 'segurança' de zelador de estação-tubo de Curitiba,pos,Sat Sep 08 16:29:23 +0000 2018,g1
84,1040000000000000000,Sexy fair: Pietra Príncipe ensina truques para o 'nude perfeito'.,pos,Fri Sep 07 03:01:00 +0000 2018,jornaloglobo
85,1040000000000000000,Cabo Daciolo pede ao TSE a volta do voto impresso em cédulas.,pos,Wed Sep 05 00:40:00 +0000 2018,jornaloglobo
86,1040000000000000000,Cara a cara com o imperador D. Pedro I: Museu Histórico Nacional inaugura exposição de impressão 3D de reconstituição forense do rosto do monarca.,pos,Thu Sep 06 00:30:00 +0000 2018,jornaloglobo
87,1040000000000000000,Fuzis apreendidos na BR-040 são de 'excelente qualidade' e superiores aos das forças de segurança:,pos,Tue Sep 04 17:40:00 +0000 2018,jornaloglobo
88,1040000000000000000,Carros falantes são estrelas de animação 'Wheely - Velozes e Divertidos',pos,Fri Sep 07 05:12:02 +0000 2018,folha
89,1040000000000000000,"Na versão impressa da capa do desta terça-feira, dia 4 de setembro de 2018, você confere o acervo com todas as peças que levaram à tragédia do Museu Nacional. Para ler nossas notícias, acesse",pos,Tue Sep 04 11:02:52 +0000 2018,jornaloglobo
90,1040000000000000000,"Qual a melhor forma de mudar o país? Jovens acreditam no poder das eleições para o surgimento de um novo Brasil. Na edição impressa deste domingo, resultados da enquete feita pelo Unicef com 16,3 mil jovens. Leia mais em",pos,Sun Sep 02 13:02:59 +0000 2018,jornaloglobo
91,1040000000000000000,"AO VIVO: ""Sou favorável a cotas"", diz Henrique Meirelles, mas afirma é que preciso aperfeiçoamento; assista",pos,Wed Sep 05 14:53:03 +0000 2018,estadao
92,1040000000000000000,Médicos usam impressora 3D para reconstituir o crânio de um paciente em Santa Maria,pos,Tue Sep 04 17:15:00 +0000 2018,g1
93,1040000000000000000,"Quer impressionar o cliente? Hackeie um príncipe, um emir e um jornalista:",pos,Fri Aug 31 16:40:00 +0000 2018,jornaloglobo
94,1040000000000000000,"Com onda 'perfeita', piscina de Kelly Slater estreia na Liga Mundial",pos,Wed Sep 05 05:59:02 +0000 2018,folha
95,1040000000000000000,"Eu acho incrível o posicionamento do André Lara Resende, ele não deixa a desejar a nenhum dos economistas do mundo, diz Marina sobre economista que faz parte de sua campanha; siga",pos,Tue Sep 04 13:07:57 +0000 2018,folha
96,1040000000000000000,&gt;@esportefera Garoto que recebeu abraço de Neymar agradece atenção: 'você é meu modelo',pos,Mon Sep 03 16:30:00 +0000 2018,estadao
97,1030000000000000000,Dez dicas para preparar o churrasco perfeito:,pos,Wed Aug 29 13:40:00 +0000 2018,jornaloglobo
98,1030000000000000000,Quer aumentar a sua autoestima e se sentir incrível? Leia aqui:,pos,Wed Aug 29 15:00:01 +0000 2018,jornaloglobo
99,1040000000000000000,"Banda Os Incríveis, da Jovem Guarda, lança em outubro o primeiro álbum autoral com repertório inédito desde 1981",pos,Fri Aug 31 21:26:00 +0000 2018,g1
100,1040000000000000000,Dez dicas para preparar o churrasco perfeito:,pos,Thu Aug 30 05:00:01 +0000 2018,jornaloglobo
101,1040000000000000000,&gt;@MariahCarey começa a seguir após comentários divertidos no Instagram,pos,Fri Aug 31 18:56:00 +0000 2018,estadao
102,1040000000000000000,"Janine, da série 'The Handmaid's Tale', traz luz e otimismo para a segunda temporada",pos,Sat Sep 01 13:05:02 +0000 2018,folha
103,1040000000000000000,Crimes de corrupção são declarados imprescritíveis na Argentina,pos,Thu Aug 30 09:00:00 +0000 2018,estadao
104,1030000000000000000,Paper Excellence entra na Justiça contra a família Batista por Eldorado,pos,Thu Aug 30 01:48:02 +0000 2018,folha
105,1030000000000000000,Sobrevivente de queda de avião agradece orações,pos,Sat Aug 25 12:17:00 +0000 2018,g1
106,1030000000000000000,Artistas fazem campanha pelo direito de cantar de graça em comícios:,pos,Fri Aug 17 21:20:00 +0000 2018,jornaloglobo
107,1030000000000000000,"Vettel faz corrida perfeita e vence em prova marcada por ""voo"" de Alonso",pos,Sun Aug 26 16:00:03 +0000 2018,folha
108,1030000000000000000,Fotógrafo da grife Dior é contra retoques que deixam as mulheres perfeitas,pos,Sun Aug 26 06:08:02 +0000 2018,folha
109,1030000000000000000,Otimismo dos anos dourados marcou eleição presidencial de 1960,pos,Sat Aug 25 05:43:02 +0000 2018,folha
110,1030000000000000000,Confira quatro maneiras de preparar o café perfeito,pos,Thu Aug 16 10:00:00 +0000 2018,jornaloglobo
111,1030000000000000000,Confira quatro maneiras de preparar o café perfeito,pos,Wed Aug 15 17:20:00 +0000 2018,jornaloglobo
112,1030000000000000000,Alexandre Pato agradece torcedor que tatuou seu rosto: 'Me sinto honrado' -via,pos,Thu Aug 23 02:15:00 +0000 2018,estadao
113,1030000000000000000,"Entretenimento rasteiro, 'Meu Ex É um Espião' tem momentos divertidos",pos,Thu Aug 23 04:32:02 +0000 2018,folha
114,1030000000000000000,"Nas ondas da internet, a incrível ressurreição da música 'Africa'.",pos,Sat Aug 11 14:02:38 +0000 2018,jornaloglobo
115,1030000000000000000,Igreja argentina agradece senadores por rechaço à legalização do aborto.,pos,Thu Aug 09 22:00:00 +0000 2018,jornaloglobo
116,1030000000000000000,Instituto Resultados obtidos com imunoterapia até agora deixam especialistas otimistas,pos,Sat Aug 18 00:20:00 +0000 2018,estadao
117,1030000000000000000,"Impressoras 3D reduzem custos de empresas, mas preço ainda é entrave",pos,Mon Aug 20 06:09:02 +0000 2018,folha
118,1030000000000000000,PGR quer que STF mande para Moro depoimentos de marqueteiros que incriminam Dilma.,pos,Mon Aug 06 21:00:01 +0000 2018,jornaloglobo
119,1030000000000000000,"Bom dia! Confira a capa da versão impressa do desta segunda, 6 de agosto de 2018. Leia mais em",pos,Mon Aug 06 10:37:29 +0000 2018,jornaloglobo
120,1030000000000000000,Pesquisa defende fórmula do roteiro perfeito; segredo é imitar 'O Poderoso Chefão',pos,Sun Aug 19 06:06:03 +0000 2018,folha
121,1030000000000000000,Relatório aponta 'risco de motim' na Papuda por falta de remédios psiquiátricos,pos,Fri Aug 10 08:46:10 +0000 2018,g1
122,1030000000000000000,‘Good Girls’ e a divertida entrada de três mães zelosas em terreno perigoso -via,pos,Thu Aug 16 01:40:00 +0000 2018,estadao
123,1030000000000000000,"Até o prefeito Bruno Covas se divertiu ao ouvir a Professora Lisete ""reprovar"" Doria por ter abandonado a prefeitura para se lançar ao governo do Estado",pos,Fri Aug 17 03:20:00 +0000 2018,folha
124,1030000000000000000,Bom dia! Esta é a capa da edição impressa da desta quinta-feira (16):,pos,Thu Aug 16 10:26:10 +0000 2018,folha
125,1030000000000000000,As impressionantes ilhas de algas que ameaçam os mais badalados destinos do Caribe,pos,Wed Aug 08 02:55:00 +0000 2018,g1
126,1030000000000000000,Trump agradece 'carta simpática' de Kim e diz que espera vê-lo 'em breve'.,pos,Thu Aug 02 14:24:37 +0000 2018,jornaloglobo
127,1020000000000000000,"Bom dia, pessoal! Esta é a versão impressa da capa do desta terça-feira, dia 31 de julho de 2018. Para mais notícias, acesse: ??",pos,Tue Jul 31 10:17:36 +0000 2018,jornaloglobo
128,1020000000000000000,"Bom dia! Esta é a capa da versão impressa do desta quarta, 1 de agosto de 2018. Para ler mais, acesse",pos,Wed Aug 01 10:30:55 +0000 2018,jornaloglobo
129,1020000000000000000,"Bom dia, pessoal! Esta é a versão impressa da capa do desta segunda-feira, dia 30 de julho de 2018. Para mais notícias, acesse: Uma ótima semana a todos! ??",pos,Mon Jul 30 10:29:28 +0000 2018,jornaloglobo
130,1030000000000000000,&gt;@Emais_Estadao Henrique Fogaça faz homenagem à sua filha: 'Só tenho a agradecer',pos,Mon Aug 13 14:10:00 +0000 2018,estadao
131,1020000000000000000,Cabeleireiro de Meghan Markle dá seis dicas para ter fios incríveis.,pos,Sat Jul 28 01:30:00 +0000 2018,jornaloglobo
132,1020000000000000000,Em busca do vice perfeito: confira as dificuldades de cada presidenciável para definir chapa.,pos,Thu Jul 26 21:00:02 +0000 2018,jornaloglobo
133,1040000000000000000,Taiwan agradece apoio de senadores americanos a favor de sua diplomacia,pos,Thu Sep 06 14:38:36 +0000 2018,exame
134,1040000000000000000,Mundial de surfe estreia em piscina que fabrica onda perfeita,pos,Thu Sep 06 09:45:14 +0000 2018,exame
135,1030000000000000000,Canadá se mostra otimista com avanço das negociações do “novo” Nafta,pos,Wed Aug 29 18:16:46 +0000 2018,exame
136,1030000000000000000,Culto ao frango: o ritual da Korin para agradecer aos animais abatidos,pos,Thu Aug 23 09:01:01 +0000 2018,exame
137,1030000000000000000,Cyrela olha com otimismo para 2º semestre,pos,Fri Aug 10 17:40:06 +0000 2018,exame
138,1030000000000000000,Dólar recua e tem maior otimismo com cena eleitoral no Brasil,pos,Mon Aug 06 12:31:30 +0000 2018,exame
139,1020000000000000000,Caixas-pretas de avião mexicano são achadas em “perfeito estado”,pos,Wed Aug 01 22:53:59 +0000 2018,exame
140,1040000000000000000,A melhor forma de otimizar o tempo é se livrar da agenda,pos,Thu Sep 13 21:24:27 +0000 2018,veja
141,1040000000000000000,"Bom dia! Confira os destaques da versão impressa do desta segunda, 10/09/2018. Acompanhe todas as notícias em tempo real no site",pos,Mon Sep 10 10:34:31 +0000 2018,jornaloglobo
142,1040000000000000000,Como controlar melhor as contas do meu negócio?,pos,Mon Sep 10 19:02:15 +0000 2018,exame
143,1040000000000000000,&gt;@pedrodoria 'Uma revolução em 3D - Impressão em 3D em metal é uma tecnologia que agora se aproxima da maturidade',pos,Fri Sep 14 12:00:02 +0000 2018,estadao
144,1040000000000000000,&gt;@Emais_Estadao Dani Calabresa diz que dança melhorou seu intestino: 'Tô de fralda',pos,Mon Sep 10 14:40:00 +0000 2018,estadao
145,1040000000000000000,"Melhor maneira de se sentir seguro é não incitar o ódio, diz Marina",pos,Mon Sep 10 18:05:03 +0000 2018,folha
146,1040000000000000000,"&gt;@EstadaoEconomia Economistas veem rombo primário um pouco melhor em 2018, aponta Fazenda",pos,Thu Sep 13 17:20:00 +0000 2018,estadao
147,1040000000000000000,"Jornal da USP: Água ou isotônico, qual a melhor opção para hidratação? Ouça o que especialista diz",pos,Tue Sep 11 00:30:00 +0000 2018,estadao
148,1040000000000000000,"Furacão Florence se aproxima, e Trump tenta apagar má impressão",pos,Thu Sep 13 09:29:48 +0000 2018,exame
149,1040000000000000000,Os melhores restaurantes orientais da cidade,pos,Tue Sep 11 20:50:46 +0000 2018,veja
150,1040000000000000000,"&gt;Leandro Karnal: 'A perfeição - Sinais de que você envelheceu: usa relógio de pulso, deita cedo, sabe o que é boko moko...'",pos,Wed Sep 12 10:20:00 +0000 2018,estadao
151,1040000000000000000,"Bolsonaro registra melhora intestinal e tem sonda retirada, diz hospital",pos,Tue Sep 11 13:42:29 +0000 2018,exame
152,1040000000000000000,Bolsonaro apresenta melhora e deixa UTI do hospital.,pos,Tue Sep 11 23:04:03 +0000 2018,jornaloglobo
153,1040000000000000000,"&gt;@EstadaoLink Tesla vai limitar opções de cores para melhorar produção, diz Musk",pos,Tue Sep 11 16:50:00 +0000 2018,estadao
154,1040000000000000000,Google revela que seus melhores gerentes têm estas qualidades,pos,Tue Sep 11 09:00:12 +0000 2018,exame
155,1040000000000000000,A saúde melhora quando se vira vegano?,pos,Tue Sep 11 09:43:00 +0000 2018,g1
156,1040000000000000000,Aprenda a cultivar uma horta em casa e a melhor maneira de utilizar os principais temperos na comida.,pos,Tue Sep 11 14:00:02 +0000 2018,jornaloglobo
157,1040000000000000000,"‘Ninguém melhor do que eu para educar’, diz mãe",pos,Thu Sep 13 11:00:00 +0000 2018,estadao
158,1040000000000000000,"'Companheiro, paizão, melhor amigo', diz filho mais velho de Mr. Catra",pos,Tue Sep 11 11:03:02 +0000 2018,g1
159,1040000000000000000,Como Singapura construiu o melhor ensino do mundo,pos,Thu Sep 13 08:08:28 +0000 2018,exame
160,1040000000000000000,70 anos das melhores escolhas,pos,Wed Sep 12 22:30:11 +0000 2018,veja
161,1040000000000000000,Novas atrações incrementam passeio pelo Maracanã.,pos,Thu Sep 13 15:20:00 +0000 2018,jornaloglobo
162,1040000000000000000,"FHC foi o melhor ministro da Fazenda que o país já teve, diz ex-assessor do PT",pos,Fri Sep 14 03:14:02 +0000 2018,folha
163,1030000000000000000,"Cinco lições de gestão de José Galló, o CEO da melhor empresa do Brasil",pos,Thu Aug 16 17:44:31 +0000 2018,exame
164,1030000000000000000,Os 100 maiores investimentos entre as Melhores e Maiores,pos,Thu Aug 16 16:33:43 +0000 2018,exame
165,1030000000000000000,"Economistas veem rombo primário um pouco melhor em 2018, aponta Prisma",pos,Thu Aug 16 14:05:38 +0000 2018,exame
166,1030000000000000000,Lenta retomada também afeta empresas campeãs de MELHORES E MAIORES,pos,Wed Aug 15 23:31:16 +0000 2018,exame
167,1030000000000000000,Veja as fotos da festa de Melhores e Maiores 2018,pos,Tue Aug 14 00:14:32 +0000 2018,exame
168,1040000000000000000,Franceses colhem neste ano a melhor safra de uvas desde 1947,pos,Mon Sep 24 02:59:00 +0000 2018,folha
169,1040000000000000000,Sabonete? Creme? Protetor solar? Nenhum deles: o segredo da pele perfeita está no que você come.,pos,Sat Sep 15 11:00:00 +0000 2018,jornaloglobo
170,1040000000000000000,Vice-premiê da Itália deseja melhoras e declara apoio a Bolsonaro,pos,Sat Sep 15 20:26:00 +0000 2018,estadao
171,1040000000000000000,Ranking indica as 10 melhores câmeras de smartphones,pos,Sat Sep 15 08:56:04 +0000 2018,exame
172,1040000000000000000,"Arrecadação soma R$ 109,7 bi, melhor agosto desde 2014",pos,Fri Sep 21 15:58:44 +0000 2018,veja
173,1040000000000000000,"Bolsonaro tem melhora clínica e não há sinais de infecção, diz boletim",pos,Fri Sep 21 18:52:40 +0000 2018,exame
174,1040000000000000000,&gt;@EstadaoCultura: 'O Incrível Hulk' ressuscita em HQ de Al Ewing,pos,Sun Sep 16 10:56:00 +0000 2018,estadao
175,1040000000000000000,Geração de emprego formal tem melhor agosto em 5 anos,pos,Fri Sep 21 19:13:55 +0000 2018,veja
176,1040000000000000000,Estados Unidos expressam otimismo sobre comércio com China,pos,Fri Sep 21 17:49:59 +0000 2018,exame
177,1040000000000000000,Arrecadação federal tem melhor agosto desde 2014,pos,Fri Sep 21 16:30:15 +0000 2018,exame
178,1040000000000000000,"Oscar das séries, o Emmy premia nesta segunda as melhores atrações da televisão do ano",pos,Mon Sep 17 11:04:02 +0000 2018,folha
179,1040000000000000000,"Bolsonaro tem melhora clínica progressiva e inicia dieta pastosa, diz boletim",pos,Fri Sep 21 19:07:57 +0000 2018,folha
180,1040000000000000000,&gt;@EstadaoPolitica Bolsonaro melhora e começa a se alimentar com dieta pastosa,pos,Fri Sep 21 19:10:01 +0000 2018,estadao
181,1040000000000000000,"Opep ignora Trump, e barril de Brent chega a seu melhor preço desde 2014",pos,Mon Sep 24 21:13:36 +0000 2018,exame
182,1040000000000000000,Propostas dos candidatos na educação miram melhoria do ensino médio,pos,Mon Sep 17 15:12:02 +0000 2018,folha
183,1040000000000000000,As 14 cidades com melhor 4G no Brasil,pos,Mon Sep 17 17:41:17 +0000 2018,exame
184,1040000000000000000,A Pão de Queijaria prepara o melhor pão de queijo da cidade,pos,Mon Sep 17 15:50:18 +0000 2018,veja
185,1040000000000000000,Haddad diz que pretende aperfeiçoar legislação para punir com mais rigor 'delator mentiroso',pos,Mon Sep 17 13:57:48 +0000 2018,g1
186,1040000000000000000,VEJA COMER &amp; BEBER: os melhores endereços gastronômicos de BH,pos,Mon Sep 17 18:22:09 +0000 2018,veja
187,1040000000000000000,"Banco com mais mulheres na chefia tem melhores resultados, diz FMI",pos,Mon Sep 17 14:18:03 +0000 2018,folha
188,1040000000000000000,&gt;@EstadaoPaladar Conheça os 10 melhores hambúrgueres de São Paulo em 2017/2018,pos,Fri Sep 21 23:00:01 +0000 2018,estadao
189,1040000000000000000,"Como prefeito, Haddad melhorou contas, mas tropeçou em zeladoria e obras",pos,Sun Sep 23 14:40:00 +0000 2018,folha
190,1040000000000000000,"Arrecadação tem melhor agosto desde 2014, mas crescimento desacelera",pos,Fri Sep 21 14:31:02 +0000 2018,folha
191,1040000000000000000,"Cigarro eletrônico é quase melhor do que fumar, dizem autoridades de saúde pública",pos,Sun Sep 23 15:30:00 +0000 2018,estadao
192,1040000000000000000,Modric é eleito melhor do mundo pela Fifa e quebra ciclo de CR7 e Messi,pos,Mon Sep 24 20:28:46 +0000 2018,exame
193,1040000000000000000,Anitta faz participação especial no The Voice Brasil e diz não ter a melhor voz do mundo,pos,Tue Sep 18 03:45:03 +0000 2018,folha
194,1040000000000000000,&gt;@EstadaoPaladar Bares brasileiros figuram entre os melhores do mundo pela 2ª vez,pos,Sun Sep 23 21:45:00 +0000 2018,estadao
195,1040000000000000000,Emmy 2018: as 12 melhores piadas da premiação,pos,Tue Sep 18 03:36:46 +0000 2018,veja
196,1040000000000000000,Marta é eleita melhor jogadora do mundo pela 6ª vez e faz história,pos,Mon Sep 24 20:21:01 +0000 2018,exame
197,1040000000000000000,Emmy 2018: Qual o melhor look desfilado no tapete vermelho da premiação?,pos,Tue Sep 18 00:17:14 +0000 2018,veja
198,1040000000000000000,&gt;@Emais_Estadao Conversar com bebês é a melhor maneira de incentivar desenvolvimento da linguagem,pos,Sun Sep 23 14:00:00 +0000 2018,estadao
199,1040000000000000000,"Quatro curiosidades sobre o Emmy 2018, que premia nesta segunda os melhores da TV americana -via",pos,Mon Sep 17 23:30:00 +0000 2018,estadao
200,1040000000000000000,Fundo de pensão exige que McDonald’s cuide melhor de seus frangos,pos,Sun Sep 23 06:00:00 +0000 2018,jornaloglobo
201,1040000000000000000,"Como prefeito, Haddad melhorou contas, mas tropeçou em zeladoria e obras",pos,Sun Sep 23 05:39:02 +0000 2018,folha
202,1040000000000000000,Justiça nega novo pedido de liminar da Paper Excellence para comprar a Eldorado,pos,Tue Sep 18 03:00:03 +0000 2018,folha
203,1040000000000000000,Como melhorar a educação no Brasil? Especialistas respondem,pos,Tue Sep 18 14:12:45 +0000 2018,exame
204,1040000000000000000,Produtores franceses de vinho comemoram 2018 incrível,pos,Tue Sep 18 08:00:51 +0000 2018,exame
205,1040000000000000000,Anitta sincera: ‘Não tenho a melhor voz do mundo’,pos,Tue Sep 18 15:29:36 +0000 2018,veja
206,1040000000000000000,Fósseis minúsculos de 150 milhões de anos revelam que encolher foi a melhor estratégia para mamíferos evoluírem.,pos,Tue Sep 18 09:00:00 +0000 2018,jornaloglobo
207,1040000000000000000,"&gt;@Emais_Estadao 'Não tenho a melhor voz do mundo', avalia Anitta no 'The Voice'",pos,Tue Sep 18 15:30:00 +0000 2018,estadao
208,1040000000000000000,"Com dólar em alta, cartão viagem é melhor opção; veja dicas sobre finanças pessoais -via",pos,Tue Sep 18 09:50:00 +0000 2018,estadao
209,1040000000000000000,Franceses colhem neste ano a melhor safra de uvas desde 1947,pos,Sat Sep 22 23:22:03 +0000 2018,folha
210,1040000000000000000,"'Melhor maneira de se rebelar é ser conservador', diz paladino gay de Trump",pos,Sat Sep 22 19:00:02 +0000 2018,folha
211,1040000000000000000,"'Melhor maneira de se rebelar é ser conservador', diz paladino gay de Trump",pos,Sat Sep 22 09:05:02 +0000 2018,folha
212,1040000000000000000,"Três anos após acidente em plataforma, Petrobras se compromete a melhorar segurança.",pos,Wed Sep 19 02:59:00 +0000 2018,jornaloglobo
213,1040000000000000000,Centenas de militares protestam na Argélia para pedir melhores pensões,pos,Mon Sep 24 15:39:49 +0000 2018,exame
214,1040000000000000000,Trump anunciará na ONU melhora nas relações com Coreia do Norte,pos,Mon Sep 24 15:04:36 +0000 2018,exame
215,1040000000000000000,"Bolsonaro tem melhora clínica sem sinais de infecção, diz boletim médico",pos,Sun Sep 23 18:50:48 +0000 2018,exame
216,1040000000000000000,Hortência é eleita a melhor jogadora da história dos Mundiais de basquete,pos,Wed Sep 19 00:19:05 +0000 2018,veja
217,1040000000000000000,"Em redes sociais, Bolsonaro posta foto andando e agradece apoio",pos,Wed Sep 19 17:26:42 +0000 2018,exame
218,1040000000000000000,Bares brasileiros figuram entre os melhores do mundo pela 2ª vez; conheça -via,pos,Wed Sep 19 23:25:00 +0000 2018,estadao
219,1040000000000000000,É melhor dormir com ou sem meias?,pos,Thu Sep 20 02:15:00 +0000 2018,g1
220,1040000000000000000,DIVIRTA-SE: Conheça seis lugares para provar omeletes diferentes (e incríveis) em SP,pos,Wed Sep 19 14:50:00 +0000 2018,estadao
221,1040000000000000000,Três bares de São Paulo estão na lista dos melhores do mundo; conheça as casas,pos,Wed Sep 19 19:00:03 +0000 2018,folha
222,1040000000000000000,"“Esquecido'”, Neymar passa em branco em festa de melhor do mundo da Fifa",pos,Mon Sep 24 23:43:47 +0000 2018,exame
223,1040000000000000000,As 15 melhores praias de nudismo pelo mundo,pos,Wed Sep 19 11:41:02 +0000 2018,folha
224,1040000000000000000,Conheça o albergue de luxo em Portugal que foi eleito o melhor do mundo.,pos,Mon Sep 24 12:30:00 +0000 2018,jornaloglobo
225,1040000000000000000,&gt;@EstadaoEsporte Futebol pode ver o fim de uma era em prêmio de melhor do mundo da Fifa,pos,Mon Sep 24 11:30:00 +0000 2018,estadao
226,1040000000000000000,Termina o obrigado a todos que acompanharam nossa cobertura pelo Twitter! Confira os melhores momentos em,pos,Fri Sep 21 03:29:31 +0000 2018,folha
227,1040000000000000000,&gt;@EstadaoEconomia Confiança da indústria volta a cair em setembro após melhora nos meses que sucederam a greve,pos,Thu Sep 20 16:20:00 +0000 2018,estadao
228,1040000000000000000,Fifa ‘The Best’ 2018: acompanhe a premiação dos melhores do mundo,pos,Mon Sep 24 17:34:37 +0000 2018,veja
229,1040000000000000000,Conheça o albergue de luxo em Portugal que foi eleito o melhor do mundo:,pos,Tue Sep 25 02:00:00 +0000 2018,jornaloglobo
230,1040000000000000000,"Melhor do Mundo! Pela sexta vez, a brasileira Marta leva para casa o prêmio de melhor jogadora do planeta. Parabéns! (Foto: Reuters/John Sibley)",pos,Mon Sep 24 20:01:08 +0000 2018,jornaloglobo
231,1040000000000000000,Trump diz que Kim Jong-Un tem sido 'incrível',pos,Mon Sep 24 22:30:01 +0000 2018,g1
232,1040000000000000000,É DO BRASIL! Marta é eleita melhor jogadora do mundo pela 6ª vez -via,pos,Mon Sep 24 19:55:18 +0000 2018,estadao
233,1040000000000000000,Marta é eleita a melhor jogadora do mundo pela sexta vez,pos,Mon Sep 24 19:56:40 +0000 2018,veja
234,1040000000000000000,"Melhor do mundo: Modric bate Cristiano Ronaldo, e Marta vence pela sexta vez.",pos,Mon Sep 24 20:44:54 +0000 2018,jornaloglobo
235,1040000000000000000,"VAI, BRASIL! Pela sexta vez, Marta é eleita a melhor jogadora do mundo",pos,Mon Sep 24 20:03:04 +0000 2018,folha
236,1040000000000000000,CORREÇÃO: Neymar passa em branco na votação para melhor do mundo da Fifa -via,pos,Mon Sep 24 22:19:16 +0000 2018,estadao
237,1040000000000000000,Modric é eleito melhor do mundo e põe fim ao domínio de Ronaldo e Messi,pos,Mon Sep 24 20:15:02 +0000 2018,folha
238,1040000000000000000,Modric leva prêmio de melhor jogador do mundo -via,pos,Mon Sep 24 19:58:53 +0000 2018,estadao
239,1040000000000000000,TEMPO REAL: Acompanhe ao vivo a premiação dos Melhores do Ano da Fifa,pos,Mon Sep 24 18:35:58 +0000 2018,estadao
240,1040000000000000000,The Best 2018: Marta é eleita melhor do mundo pela sexta vez,pos,Mon Sep 24 20:11:57 +0000 2018,veja
241,1040000000000000000,Confira os melhores memes sobre a premiação de melhor do mundo no -via,pos,Mon Sep 24 23:00:01 +0000 2018,estadao
242,1040000000000000000,"O Mundo é uma Bola | Vitória de Modric em eleição de melhor do mundo é celebração ao jogador moderno, que faz tudo (bem) em campo",pos,Mon Sep 24 20:27:37 +0000 2018,folha
243,1040000000000000000,Modric quebra hegemonia de CR7 e Messi e é eleito o melhor do mundo,pos,Mon Sep 24 19:59:34 +0000 2018,veja
244,1040000000000000000,"Pela primeira vez, Bola de Ouro premiará a melhor jogadora e o melhor sub-21.",pos,Mon Sep 24 17:00:00 +0000 2018,jornaloglobo
245,1040000000000000000,"Pela sexta vez, Marta é eleita a melhor jogadora do mundo",pos,Mon Sep 24 20:06:03 +0000 2018,folha
246,1040000000000000000,Escolha de Modric como melhor do mundo divide opiniões na web. Mereceu ou não? -via,pos,Mon Sep 24 20:40:08 +0000 2018,estadao
247,1040000000000000000,"Trump agradece Kim Jong-un, mas adverte que ainda há muito a fazer",pos,Tue Sep 25 17:20:12 +0000 2018,exame
248,1040000000000000000,"&gt;@esportefera Como Messi, CR7 e companhia votaram para o prêmio de melhor do mundo?",pos,Tue Sep 25 17:10:01 +0000 2018,estadao
249,1040000000000000000,Modric é eleito melhor do mundo e põe fim ao domínio de Cristiano Ronaldo e Messi,pos,Mon Sep 24 20:08:33 +0000 2018,folha
250,1040000000000000000,"Lutador consegue nocaute perfeito, mas salta árbitro e é desqualificado; assista -via",pos,Tue Sep 25 02:15:01 +0000 2018,estadao
251,1050000000000000000,Saiba qual é o melhor fone de ouvido para prevenir a perda auditiva,pos,Tue Oct 02 20:35:51 +0000 2018,veja
252,1050000000000000000,"As 25 melhores redes de franquia do Brasil, segundo consultoria",pos,Tue Oct 02 16:00:41 +0000 2018,exame
253,1040000000000000000,"Na ONU, Temer critica unilateralismo e diz que entrega país melhor que recebeu",pos,Tue Sep 25 14:15:02 +0000 2018,folha
254,1050000000000000000,Número de universidades brasileiras entre as melhores do mundo cai pelo segundo ano consecutivo.,pos,Wed Sep 26 23:40:00 +0000 2018,jornaloglobo
255,1050000000000000000,As melhores frases do debate presidencial no SBT,pos,Wed Sep 26 22:25:37 +0000 2018,exame
256,1050000000000000000,"&gt;@esportefera Os 25 melhores memes de Phil Jones, personagem da eliminação do United",pos,Wed Sep 26 19:20:00 +0000 2018,estadao
257,1050000000000000000,&gt;@EstadaoPaladar Economia na cozinha: saiba quais são os ingredientes da safra e aprenda receitas para cozinhar melhor e gastar menos,pos,Wed Sep 26 18:50:00 +0000 2018,estadao
258,1050000000000000000,Goldajn é eleito o melhor banqueiro central da América Latina pela 2ª vez,pos,Wed Sep 26 23:58:10 +0000 2018,veja
259,1050000000000000000,Peruana Pía León é eleita melhor chef mulher da América Latina -via,pos,Wed Sep 26 23:50:00 +0000 2018,estadao
260,1040000000000000000,Mãe e vó chefiam lares e são das melhores lembranças que levamos da infância,pos,Wed Sep 26 15:13:02 +0000 2018,folha
261,1050000000000000000,"""Quero agradecer a Ciro Gomes. Ele se encontra preparado para ser presidente da República"", diz Marcelo Cândido em suas considerações finais",pos,Wed Oct 03 03:44:55 +0000 2018,folha
262,1050000000000000000,"Para celebrar 50 anos do caderno de Turismo em cores, completados nesta quinta (27), a reuniu um júri rodado para escolher os 50 melhores lugares do Brasil e do mundo para viajar. Foz, Rio, Nova York, Londres e Paris foram as mais citadas; confira",pos,Thu Sep 27 22:30:48 +0000 2018,folha
263,1050000000000000000,"Em SC, indecisos, nulos e brancos chegam a incríveis 35%",pos,Thu Sep 27 14:53:32 +0000 2018,exame
264,1050000000000000000,"Em SC, indecisos, nulos e brancos chegam a incríveis 35%",pos,Thu Sep 27 10:35:41 +0000 2018,exame
265,1050000000000000000,Chefe da Petrobras se diz otimista quanto à manutenção de regras pelo próximo governo,pos,Thu Sep 27 23:41:02 +0000 2018,folha
266,1050000000000000000,"Após AVC, Ziraldo tem quadro estável: ‘Expectativas otimistas’, diz irmão",pos,Thu Sep 27 17:27:01 +0000 2018,veja
267,1050000000000000000,"Após AVC, Ziraldo tem melhora no estado de saúde.",pos,Thu Sep 27 19:49:05 +0000 2018,jornaloglobo
268,1050000000000000000,VÍDEO: Marta volta a Dois Riachos e mostra ao povo o troféu de melhor do mundo,pos,Thu Sep 27 17:15:00 +0000 2018,g1
269,1050000000000000000,"Com visual incrementado, 'PéPequeno' fisga públicos de todas as idades",pos,Thu Sep 27 12:16:02 +0000 2018,folha
270,1050000000000000000,&gt;@esportefera Os 30 melhores memes da eliminação do Palmeiras: 'Copinha do Brasilzinho',pos,Thu Sep 27 14:20:01 +0000 2018,estadao
271,1050000000000000000,&gt;@esportefera Vídeo: Marta recebe homenagem de Zagallo por prêmio de melhor do mundo; assista,pos,Thu Sep 27 12:40:00 +0000 2018,estadao
272,1050000000000000000,&gt;@esportefera Ansiosos para amanhã? Confira os 10 melhores jogadores do Fifa 19. Spoiler: Neymar não é o 1º colocado,pos,Thu Sep 27 20:50:00 +0000 2018,estadao
273,1050000000000000000,"No mundo dos investimentos, sai um otimista, entra outro",pos,Thu Sep 27 08:20:33 +0000 2018,exame
274,1050000000000000000,"'O Homem Perfeito' tenta aliar entretenimento e reflexão, mas soa meio fora de tom",pos,Thu Sep 27 13:01:02 +0000 2018,folha
275,1050000000000000000,Os melhores e piores investimentos de setembro,pos,Fri Sep 28 21:49:05 +0000 2018,exame
276,1050000000000000000,.@Ancelmocom: O incrível clique de um bem-te-vi pegando carona num... tucano.,pos,Sat Sep 29 13:00:02 +0000 2018,jornaloglobo
277,1050000000000000000,As 25 melhores bolsas de estudo com inscrições abertas em outubro,pos,Fri Sep 28 18:00:07 +0000 2018,exame
278,1050000000000000000,Mulheres recorrem a preenchimento em busca do mamilo perfeito.,pos,Sat Sep 29 14:00:02 +0000 2018,jornaloglobo
279,1050000000000000000,Dicas da Kogut: As melhores séries do mestre Ryan Murphy.,pos,Sat Sep 29 06:00:00 +0000 2018,jornaloglobo
280,1050000000000000000,Dicas da Kogut: As melhores séries do mestre Ryan Murphy.,pos,Fri Sep 28 16:40:00 +0000 2018,jornaloglobo
281,1050000000000000000,"Gal Costa faz disco otimista, com influência do filho: 'Está vindo a geração que salvará o planeta'",pos,Fri Sep 28 09:50:00 +0000 2018,g1
282,1050000000000000000,Crise fiscal do governo barra medidas pró-inovação que melhorariam economia,pos,Thu Oct 04 11:04:03 +0000 2018,folha
283,1050000000000000000,Alex Atala é o sétimo melhor chef do mundo. Veja o ranking,pos,Wed Oct 03 18:05:18 +0000 2018,exame
284,1050000000000000000,As companhias aéreas que oferecem o melhor Wi-Fi a bordo,pos,Wed Oct 03 16:55:01 +0000 2018,exame
285,1050000000000000000,'Rir é o melhor remédio': yoga do riso é praticada em hospital público de Brasília,pos,Sat Sep 29 21:22:00 +0000 2018,g1
286,1050000000000000000,Haddad diz que é melhor Bolsonaro 'já ir se acostumando' com ele,pos,Sat Sep 29 18:59:43 +0000 2018,folha
287,1050000000000000000,Economia fraca impede criação de emprego com salários melhores,pos,Mon Oct 01 11:37:13 +0000 2018,veja
288,1050000000000000000,Qual o melhor lugar de São Paulo para achar startups quentes? Veja o mapa,pos,Mon Oct 01 09:00:45 +0000 2018,exame
289,1050000000000000000,"Em casa, Bolsonaro agradece manifestações de apoio",pos,Sun Sep 30 01:15:00 +0000 2018,folha
290,1050000000000000000,Meu gerente recomendou previdência privada. Tesouro Direto é melhor?,pos,Sun Sep 30 10:01:02 +0000 2018,exame
291,1050000000000000000,"Metade dos brasileiros espera melhora de vida com novo presidente, diz Datafolha",pos,Sat Sep 29 19:25:04 +0000 2018,folha
292,1050000000000000000,"&gt;@esportefera CR7 contesta Puskas, brinca com 'sou lindo' e afirma ser o melhor de todos",pos,Sat Sep 29 20:00:01 +0000 2018,estadao
293,1050000000000000000,Mulheres recorrem a preenchimento em busca do mamilo perfeito:,pos,Sun Sep 30 23:00:00 +0000 2018,jornaloglobo
294,1050000000000000000,Prova mostra que as meninas do País lidam melhor com economia do dia a dia,pos,Mon Oct 01 11:00:02 +0000 2018,estadao
295,1050000000000000000,&gt;@esportefera As 30 melhores reações sobre o Brasil estar na 5.ª final seguida de Mundial,pos,Sun Sep 30 07:00:00 +0000 2018,estadao
296,1050000000000000000,"De olho em Bolsonaro, Haddad tenta melhorar desempenho no interior",pos,Mon Oct 01 05:28:02 +0000 2018,folha
297,1050000000000000000,Bolsonaro melhora desempenho em tradicionais redutos lulistas.,pos,Wed Oct 03 11:35:18 +0000 2018,jornaloglobo
298,1050000000000000000,Ziraldo tem melhora no estado de saúde e deixa CTI.,pos,Tue Oct 02 02:00:00 +0000 2018,jornaloglobo
299,1050000000000000000,Líder Felipão faz sua melhor média na era dos pontos corridos.,pos,Tue Oct 02 07:00:00 +0000 2018,jornaloglobo
300,1050000000000000000,Iron Maiden vem ao Rock in Rio e Bruce Dickinson diz: 'Estamos melhores do que em 1985',pos,Mon Oct 01 21:52:00 +0000 2018,g1
301,1050000000000000000,"Dólar recua 0,47% com otimismo no exterior mas segue acima dos R$ 4",pos,Mon Oct 01 20:32:25 +0000 2018,exame
302,1050000000000000000,Governo decide melhorar pagamento às térmicas e vai repassar custo a consumidores,pos,Thu Oct 04 10:00:00 +0000 2018,jornaloglobo
303,1050000000000000000,&gt;@Emais_Estadao Esposa de Arlindo Cruz comemora constante melhora da saúde do cantor,pos,Thu Oct 04 12:30:01 +0000 2018,estadao
304,1050000000000000000,&gt;@EstadaoPaladar As 10 melhores massas de São Paulo em 2017/2018,pos,Wed Oct 03 16:20:00 +0000 2018,estadao
305,1050000000000000000,"&gt;@EstadaoEsporte Vinicius Junior, Evander e Militão disputam prêmio de melhor jovem jogador do mundo",pos,Mon Oct 01 19:14:36 +0000 2018,estadao
306,1050000000000000000,&gt;@estadaomoda Veja os melhores momentos de beleza da Semana de Moda de Paris,pos,Wed Oct 03 20:10:00 +0000 2018,estadao
307,1050000000000000000,CBF homenageia Marta por sexto prêmio de melhor do mundo,pos,Thu Oct 04 16:00:28 +0000 2018,veja
308,1050000000000000000,Estes são os 50 melhores bares do mundo,pos,Thu Oct 04 18:10:28 +0000 2018,exame
309,1050000000000000000,Inhotim desempacota instalação monumental e luta para afugentar aperto,pos,Fri Oct 05 01:01:03 +0000 2018,folha
310,1050000000000000000,Um roteiro para um Dia das Crianças divertido. [via,pos,Fri Oct 12 15:30:00 +0000 2018,jornaloglobo
311,1050000000000000000,"Bosnich, o goleiro que evitou Mundial do Palmeiras: ‘Meu melhor jogo’",pos,Fri Oct 05 13:00:28 +0000 2018,veja
312,1050000000000000000,"Os melhores lugares do mundo para tomar cerveja, segundo este livro",pos,Fri Oct 05 08:00:31 +0000 2018,exame
313,1050000000000000000,Datafolha: democracia é a melhor forma de governo para 69% dos brasileiros; ditadura 'em certas circunstâncias' é opção para 12%,pos,Fri Oct 05 12:01:00 +0000 2018,g1
314,1050000000000000000,"""Queria agradecer os brasileiros. Percorri o Brasil do Oiapoque ao Chuí. Isso me lembra Câmara Cascudo que dizia que ""melhor produto do Brasil é o brasileiro"". Vamos sair do ódio, do preconceito, não levam a nada"", diz Alckmin",pos,Fri Oct 05 03:39:15 +0000 2018,folha
315,1050000000000000000,"Nobel da Paz: um chocante relato de Denis Mukwege, médico que venceu prêmio por luta contra estupros em guerras",pos,Fri Oct 05 13:12:06 +0000 2018,g1
316,1050000000000000000,Hazard: 'Sou o melhor do mundo'. Veja o vídeo.,pos,Fri Oct 12 04:00:00 +0000 2018,jornaloglobo
317,1050000000000000000,&gt;@EstadaoPolitica ‘Melhores momentos’ do debate da Globo com os candidatos a presidente; veja quais foram,pos,Fri Oct 05 11:35:00 +0000 2018,estadao
318,1050000000000000000,"""Quero agradecer a Deus por não ter caído no caminho das falsas promessas. Sei que sou uma pacificador que é mal compreendida. Essa país não precisa de força física, precisa de força moral"", diz Marina",pos,Fri Oct 05 03:45:06 +0000 2018,folha
319,1050000000000000000,Datafolha: democracia é a melhor forma de governo para 69% dos brasileiros; ditadura 'em certas circunstâncias' é opção para 12%,pos,Fri Oct 05 10:44:00 +0000 2018,g1
320,1050000000000000000,Datafolha: democracia é a melhor forma de governo para 69% dos brasileiros; ditadura 'em certas circunstâncias' é opção para 12%,pos,Fri Oct 05 05:24:38 +0000 2018,g1
321,1050000000000000000,Dólar tem maior queda semanal em 30 meses com otimismo sobre Bolsonaro,pos,Fri Oct 05 20:18:06 +0000 2018,exame
322,1050000000000000000,"Modric, Ronaldo e Salah vivem 'maldição' após prêmio de melhor do mundo",pos,Fri Oct 05 16:29:02 +0000 2018,folha
323,1050000000000000000,&gt;@esportefera Jornal argentino cita excelente retrospecto do Boca diante de brasileiros,pos,Fri Oct 05 17:40:00 +0000 2018,estadao
324,1050000000000000000,"Lula: ‘Pode ter igual, mas nesse país não tem ninguém melhor do que nós’",pos,Sat Oct 06 14:30:12 +0000 2018,veja
325,1050000000000000000,"Lula: “Pode ter igual, mas nesse país não tem ninguém melhor do que nós”",pos,Sat Oct 06 14:02:52 +0000 2018,exame
326,1050000000000000000,Qual deve ser a primeira medida do novo presidente para melhorar a economia?,pos,Sun Oct 07 09:49:00 +0000 2018,g1
327,1050000000000000000,Pedro Bial: Brasil está melhor do que há 30 anos:,pos,Sun Oct 07 04:00:00 +0000 2018,jornaloglobo
328,1050000000000000000,Qual deve ser a primeira medida do novo presidente para melhorar a economia?,pos,Sat Oct 06 13:10:00 +0000 2018,g1
329,1050000000000000000,"Após cravar pole, Hamilton exalta Mercedes: 'Por isso somos os melhores do mundo'",pos,Sat Oct 06 17:56:00 +0000 2018,estadao
330,1050000000000000000,"Em vídeo, Lula afirma: 'pode ter igual, mas nesse País não tem ninguém melhor do que nós' (via",pos,Sat Oct 06 14:10:38 +0000 2018,estadao
331,1050000000000000000,Qual deve ser a primeira medida do novo presidente para melhorar a economia?,pos,Sat Oct 06 16:30:00 +0000 2018,g1
332,1050000000000000000,Concurso da ONG SOS Mata Atlântica tem votação das melhores imagens do bioma,pos,Sun Oct 07 08:31:03 +0000 2018,folha
333,1050000000000000000,"Prestes a estrear em 'Sob Pressão', Marjorie Estiano afirma que a série a fez melhorar como cidadã",pos,Sun Oct 07 18:05:02 +0000 2018,folha
334,1050000000000000000,"Ao votar no Acre, Marina diz que tem ‘o melhor a oferecer ao país’.",pos,Sun Oct 07 17:13:59 +0000 2018,jornaloglobo
335,1050000000000000000,"'Churchill venceu a guerra, mas não a eleição', diz Temer sobre Meirelles",pos,Sun Oct 07 20:53:35 +0000 2018,folha
336,1050000000000000000,Veja os melhores horários para viajar em SP na volta do feriado,pos,Sun Oct 14 10:38:27 +0000 2018,g1
337,1050000000000000000,"&gt;@Emais_Estadao ‘Um milagre por dia’, diz filho de Arlindo Cruz ao comentar melhora de saúde do pai",pos,Sat Oct 13 20:05:00 +0000 2018,estadao
338,1050000000000000000,Bolsonaro agradece apoio de Doria e diz não ter problema em encontrá-lo,pos,Sat Oct 13 15:05:00 +0000 2018,estadao
339,1050000000000000000,"Os melhores planos de previdência privada, segundo a Proteste",pos,Mon Oct 08 08:00:48 +0000 2018,exame
340,1050000000000000000,Haddad agradece a Lula e faz sinais ao centro,pos,Mon Oct 08 04:30:00 +0000 2018,jornaloglobo
341,1050000000000000000,&gt;@esportefera Ibrahimovic sai em defesa de Mourinho: 'É um dos melhores treinadores',pos,Sat Oct 13 14:50:00 +0000 2018,estadao
342,1050000000000000000,&gt;@EstadaoPaladar Confira os 10 melhores pratos vegetarianos de São Paulo em 2017/2018,pos,Sun Oct 14 15:35:00 +0000 2018,estadao
343,1050000000000000000,&gt;@EstadaoCultura Nick Cave volta ao Brasil depois de 25 anos no melhor momento de sua extensa carreira,pos,Sat Oct 13 16:50:00 +0000 2018,estadao
344,1050000000000000000,Os Melhores Anos das Nossas Vidas estreia cheio de energia,pos,Fri Oct 12 17:05:02 +0000 2018,folha
345,1050000000000000000,Visão Global – O presidente francês Macron já teve dias melhores,pos,Thu Oct 11 08:16:22 +0000 2018,exame
346,1050000000000000000,Fotos: 15 ideias incríveis para decorar o quarto das crianças,pos,Wed Oct 10 23:10:00 +0000 2018,estadao
347,1050000000000000000,Prêmio Sexy Hot premia mulher como melhor diretora pela primeira vez; veja vencedores,pos,Thu Oct 11 04:03:03 +0000 2018,folha
348,1050000000000000000,Dias Melhores | Estudantes bagunceiros se acalmam após sessões em projeto no interior de SP,pos,Thu Oct 11 15:20:00 +0000 2018,folha
349,1050000000000000000,C&amp;A vê com 'otimismo conservador' cenário para 2019,pos,Thu Oct 11 00:09:02 +0000 2018,folha
350,1050000000000000000,"Campanha que ganhou o mundo, é eleita a melhor do século",pos,Wed Oct 10 14:29:48 +0000 2018,exame
351,1050000000000000000,"As 10 melhores universidades do Brasil, segundo ranking da Folha",pos,Wed Oct 10 18:00:37 +0000 2018,exame
352,1050000000000000000,O plano da BRF para se recuperar é fazer melhor o que já faz,pos,Wed Oct 10 09:00:29 +0000 2018,exame
353,1050000000000000000,Primeira ‘Doctor Who’ mulher tem a melhor estreia da série em 10 anos,pos,Mon Oct 08 18:06:33 +0000 2018,veja
354,1050000000000000000,&gt;@EstadaoCultura Johnny Depp se diverte ao lembrar de Jack Sparrow: 'Me ligavam perguntando se era doido ou bêbado',pos,Wed Oct 10 11:30:00 +0000 2018,estadao
355,1050000000000000000,Eleito o melhor bar do mundo em 2018 vai fechar -via,pos,Tue Oct 09 00:35:00 +0000 2018,estadao
356,1050000000000000000,Cursos presenciais têm o melhor desempenho no Enade,pos,Tue Oct 09 20:07:03 +0000 2018,folha
357,1050000000000000000,Esta é a melhor hora do dia para tomar café,pos,Tue Oct 09 08:55:40 +0000 2018,exame
358,1050000000000000000,Atriz gaúcha indicada a melhor diretora em prêmio pornô fala sobre machismo: 'Homem precisa ser reeducado',pos,Tue Oct 09 18:00:01 +0000 2018,g1
359,1050000000000000000,Ratinho faz 20 anos de SBT e fala da evolução do programa: 'Me dou melhor brincando',pos,Mon Oct 08 17:31:03 +0000 2018,folha
360,1050000000000000000,Bancada evangélica da Câmara oficializa apoio a Bolsonaro,pos,Thu Oct 04 20:03:36 +0000 2018,veja
361,1050000000000000000,Site recebeu mais de 25 milhões de visitantes em setembro,pos,Thu Oct 04 16:14:09 +0000 2018,exame
362,1050000000000000000,Atores reproduzem falas do debate presidencial em tempo real no teatro,pos,Thu Oct 04 14:38:57 +0000 2018,exame
363,1050000000000000000,"Manter as florestas é a forma mais eficiente de reduzir emissões de carbono, afirmam cientistas.",pos,Fri Oct 05 00:20:00 +0000 2018,jornaloglobo
364,1050000000000000000,"Datafolha: Flávio Bolsonaro tem 30% e Cesar Maia, 29% na briga pelo Senado no Rio.",pos,Thu Oct 04 22:25:26 +0000 2018,jornaloglobo
365,1050000000000000000,"Vitinho reaparece, e Dorival diz que tem Flamengo definido para encarar o Corinthians.",pos,Thu Oct 04 15:40:00 +0000 2018,jornaloglobo
366,1050000000000000000,"Daqui a pouco, o G1 transmite o debate dos candidatos à Presidência",pos,Thu Oct 04 23:13:58 +0000 2018,g1
367,1050000000000000000,Percentual de mulheres eleitas para a Câmara cresce de 10% para 15%,pos,Mon Oct 08 17:22:02 +0000 2018,folha
